id,text,image_url,scheduled_time,status,posted_at,note
1,Nobody is coming to save you. Good. Save yourself. 💕,,2026-09-19 15:30,posted,2026-09-19 15:58:28,OK (17997990935816203)
2,POV: it's 2029. Sunday night comes and your stomach doesn't drop. You didn't win the lottery. You stopped building someone else's dream with your only life. 💭 It started with one small product you validated in a week you were 'too busy.' Then a second. 🌱 Then income that didn't need HR's approval. 2026 you was scared. 2029 you is so glad she started scared. Start scared. Follow for the how. 🌅,,2026-09-20 11:00,pending,,
3,POV: it's 2029 and you haven't set an alarm in months. ✨,,2026-09-20 13:00,pending,,
4,Real talk girl to girl: nobody is coming to save your career. Not the manager. Not the perfect job. Not the perfect timing. That's not sad. That's freeing. It means you can decide today. Pick yourself. Every time. 💯,,2026-09-20 15:00,pending,,
5,Your 9-5 is a launchpad not a life sentence. 💼,,2026-09-20 17:00,pending,,
6,16 digital products. $0. No catch no credit card. Grab the bundle: 🎁 https://gauris.gumroad.com/l/digital-products-ideas,,2026-09-20 19:00,pending,,
7,Pay yourself first even if it's small. 💰,,2026-09-20 21:00,pending,,
8,Your 9-5 isn't a prison. It's your funding source while you build. 🌱 Steady pay = freedom to experiment. Don't quit. Build on the side then decide. 🔥,,2026-09-21 11:00,pending,,
9,Girl you're allowed to want the big life. 💖,,2026-09-21 13:00,pending,,
10,You had 14 ideas and no way to know which one people would pay for. 💡 That's not a motivation problem. It's a missing system. Fix it: https://gauris.gumroad.com/l/idea-to-income,,2026-09-21 15:00,pending,,
11,Motivation is a spark. Discipline is the fire you keep feeding. 📱 You won't always feel like it. Do it anyway small. Ten minutes on a bad day still counts. ⏰,,2026-09-21 17:00,pending,,
12,What's one thing you'll start this week? 🌱 Drop it below. 💬,,2026-09-21 19:00,pending,,
13,You're not behind. You're just not comparing fairly. 👑,,2026-09-21 21:00,pending,,
14,Before bills before shopping: pay yourself. 💰 Even 10% builds the habit. Wealth starts as a habit not a number. 🔥,,2026-09-22 11:00,pending,,
15,POV: 2029. Your side project became the main character. 🌸,,2026-09-22 13:00,pending,,
16,You don't need a 5am miracle morning. ⏰ Water stretch write one priority. Five minutes sets the tone. 📝,,2026-09-22 15:00,pending,,
17,Use your lunch break for your future. ✨,,2026-09-22 17:00,pending,,
18,You spent 3 weekends building it. 🌱 $0. Here's why (it's not you): You built before you validated. You picked the idea that felt finished not the one with proof. 💡 Fix: validate for 60 minutes BEFORE you open Canva. I built a kit for exactly this: https://gauris.gumroad.com/l/idea-to-income,,2026-09-22 19:00,pending,,
19,Broke isn't a personality. It's a season. 💪,,2026-09-22 21:00,pending,,
20,Real ones celebrate you loudly. 🎉,,2026-09-23 11:00,pending,,
21,Nobody wakes up confident. You build it by doing scary things in small doses. 😅,,2026-09-23 13:00,pending,,
22,Reply with the goal you're building in 2026. 🌱,,2026-09-23 15:00,pending,,
23,Your notes app is full of ideas. 💡 This free pack of 16 digital products shows you what real ones look like. 🎁 https://gauris.gumroad.com/l/digital-products-ideas,,2026-09-23 17:00,pending,,
24,Being busy isn't the same as building. 🌱,,2026-09-23 19:00,pending,,
25,I had 14 ideas in my notes app. 💡 Zero were live. Ideas don't pay bills. Shipped products do. I picked one validated it shipped it. Delete nothing. Ship something. 💭,,2026-09-23 21:00,pending,,
26,POV: it's 2029 and you're grateful you started with 3 followers. ✨,,2026-09-24 11:00,pending,,
27,POV: it's 2029 and your alarm is a suggestion. ✨ You make coffee slowly. Nobody's Slack is pinging you. Your first 'meeting' is with your own to-do list. This life wasn't luck. It was 90 boring days of showing up when nobody clapped. 🎉 Future you is watching what you do this week. Make her proud. 💕,,2026-09-24 13:00,pending,,
28,Your boss has a plan for you. 💼 Do you have one for yourself? ✨,,2026-09-24 15:00,pending,,
29,Stop building digital products nobody asked for. 🌱 Validate in 60 minutes first. ⏰ Idea to Income Kit under $15: https://gauris.gumroad.com/l/idea-to-income,,2026-09-24 17:00,pending,,
30,Girl you're not lazy. You're exhausted from carrying everyone else. 😴 Rest isn't the enemy of ambition. 👑 Burnout is. Build slowly. Sleep. Then build again. Progress at 30% energy still counts. 🔥,,2026-09-24 19:00,pending,,
31,Your net worth grows with your self-worth. 💰,,2026-09-24 21:00,pending,,
32,Your softness is not weakness. 👯‍♀️,,2026-09-25 11:00,pending,,
33,Got a 9-5? You still have one hour. Lunch commute or after dinner. One hour. 1 hour x 90 days = 90 hours of building. 🌱 That's a whole product. 💼,,2026-09-25 13:00,pending,,
34,What's your biggest fear about starting? 😅 I'll reply to everyone. ✨,,2026-09-25 15:00,pending,,
35,Get 1% better daily and you're 37x better in a year. 🔥 Tiny steps look boring and win big. 🎉 Trust the boring middle. 💪,,2026-09-25 17:00,pending,,
36,Your 9-5 pays the bills. Your side project pays your future. ✨,,2026-09-25 19:00,pending,,
37,POV: 2029 and your income doesn't depend on one manager's mood. 💰,,2026-09-25 21:00,pending,,
38,Emergency funds are the ultimate self-care. 💵 They buy you calm and confidence. 👑 Start with $100. Then build. 🌱,,2026-09-26 11:00,pending,,
39,Work your job well. Build your dream better. 💭,,2026-09-26 13:00,pending,,
40,Free pack alert 🚨 16 digital products for the girl who keeps saying 'I'll start soon.' 💕 https://gauris.gumroad.com/l/digital-products-ideas,,2026-09-26 15:00,pending,,
41,Screens off tomorrow's top 3 written skincare done. ✨ Sleep is your secret productivity hack. 😴,,2026-09-26 17:00,pending,,
42,Price your work like you believe in it. 🚀,,2026-09-26 19:00,pending,,
43,3 weekends building. $0 in sales. 2 likes from your mom and a bot. Never again. Validate first: 🚀 https://gauris.gumroad.com/l/idea-to-income,,2026-09-26 21:00,pending,,
44,Get your money up and your worries down. 💰,,2026-09-27 11:00,pending,,
45,Templates. Checklists. Prompt packs. Trackers. Mini guides. Low cost quick to build easy to explain. 🌱 Pick the one that solves your loudest problem. 📱,,2026-09-27 13:00,pending,,
46,Comment '2029' if you're building your future self. 🌱,,2026-09-27 15:00,pending,,
47,You don't owe a paragraph for every 'no.' Short kind clear. 💖,,2026-09-27 17:00,pending,,
48,Stop waiting to feel ready. Ready is a myth. 👑,,2026-09-27 19:00,pending,,
49,POV: it's 2029 and you're doing work you'd do for free (but paid well). ✨,,2026-09-27 21:00,pending,,
50,I almost deleted everything. No likes no sales no clue. Then one reply changed my mind. Keep going. Somebody needs your voice. 💭,,2026-09-28 11:00,pending,,
51,That 'quick sync' could've been an email. Your side project can't wait. 💪,,2026-09-28 13:00,pending,,
52,It's 2029. Someone asks how you did it. You say: 'I got tired of waiting to feel ready.' You made a bad first product. 😴 Then a better second one. Then a good third. Nobody sees the messy first draft. They only see the 2029 version. ✨ Post the messy draft. That's the whole secret. 🌸,,2026-09-28 15:00,pending,,
53,Ideas don't pay. Shipped products do. 🌱,,2026-09-28 17:00,pending,,
54,You deserve a peaceful morning and a full bank account. ⏰,,2026-09-28 19:00,pending,,
55,Real talk: she's not ahead of you. She's on a different road. You're comparing your behind-the-scenes to her highlight reel. Her timeline ≠ your timeline. Unfollow what makes you feel behind. Follow what makes you move. 🫶,,2026-09-28 21:00,pending,,
56,What's the one skill you'd love to turn into income? 💕,,2026-09-29 11:00,pending,,
57,POV: it's 2029 and you started with one free download. ✨ 16 of them actually. https://gauris.gumroad.com/l/digital-products-ideas,,2026-09-29 13:00,pending,,
58,If Sunday nights make you anxious that's data. 😅 It's telling you something needs to change. Don't ignore it. Start a tiny side project this week. 🌱,,2026-09-29 15:00,pending,,
59,If it scares you and excites you do it. 💯,,2026-09-29 17:00,pending,,
60,Inside the Idea to Income Kit: a 6-filter scorecard that tells you which idea deserves your weekend. 💰 https://gauris.gumroad.com/l/idea-to-income,,2026-09-29 19:00,pending,,
61,POV: 2029. The girl who was 'just thinking about it' now has a shop. ✨,,2026-09-29 21:00,pending,,
62,Results are moments. Process is life. Learn to enjoy the reps and the results follow. 🚀,,2026-09-30 11:00,pending,,
63,Every skill you learn at work is a product waiting to happen. 💪,,2026-09-30 13:00,pending,,
64,Raise = raise your savings first. 💵 Don't upgrade everything at once. Let your freedom fund grow faster than your wardrobe. 🌱,,2026-09-30 15:00,pending,,
65,Validation before creation saves weekends. 🎯,,2026-09-30 17:00,pending,,
66,Stop dimming so others can shine. There's enough sun. 💕,,2026-09-30 19:00,pending,,
67,Every day: 3 tasks max. One for money one for growth one for wellbeing. 💰 Done beats long lists. ✅,,2026-09-30 21:00,pending,,
68,9-5 girlies: what time do you work on your dream? 💭 Morning lunch or night? ⏰,,2026-10-01 11:00,pending,,
69,Step 1: find where your buyer complains online. Step 2: note the exact words they use. Step 3: check if others already sell solutions (that's a good sign). 🛍️ Step 4: pre-sell or poll. Proof first product second. 💡,,2026-10-01 13:00,pending,,
70,The girl who posts imperfectly beats the girl who never posts. 🫶,,2026-10-01 15:00,pending,,
71,Every time you tolerate disrespect you set a standard. Raise the standard gently and firmly. 👑,,2026-10-01 17:00,pending,,
72,POV: it's 2029 and Sunday feels like Saturday. ✨,,2026-10-01 19:00,pending,,
73,Not sure what to sell? Steal inspiration from 16 free digital products. 🎁 https://gauris.gumroad.com/l/digital-products-ideas,,2026-10-01 21:00,pending,,
74,You don't have to hate your job to want more. 💼,,2026-10-02 11:00,pending,,
75,Interview future you: What did you start first? ✨ What did you stop? Write the answers today. Then act like a woman who's already there. 💭,,2026-10-02 13:00,pending,,
76,A $9 product with proof beats a $99 product with hope. 🔥,,2026-10-02 15:00,pending,,
77,50+ AI prompts for research validation creation pricing marketing and selling. 🛍️ No more blank pages. https://gauris.gumroad.com/l/idea-to-income,,2026-10-02 17:00,pending,,
78,You're not too much. Some rooms are too small. 🌷,,2026-10-02 19:00,pending,,
79,POV: it's 2029 and you check your bank app without flinching. 📱 You built a buffer. Then a side income. Then options. Options are the real luxury. Not the bag. The ability to say no. Start building options today even if it's $5 at a time. 🌱,,2026-10-02 21:00,pending,,
80,Finish this sentence: 'In 2029 I'll be ___.' ✨,,2026-10-03 11:00,pending,,
81,Girl to girl: you don't need permission to start. 🌱 Not from your boss your family or your group chat. 💼 Ask for feedback not permission. Start first explain later. 💕,,2026-10-03 13:00,pending,,
82,You can be grateful for your job and still want more. 💼,,2026-10-03 15:00,pending,,
83,You don't need a huge idea. You need a small solved problem. Templates. Guides. Checklists. Planners. Prompt packs. Digital products need no inventory and no shipping. Pick one problem you already solve at work. 💪,,2026-10-03 17:00,pending,,
84,POV: 2029. You pay for things without checking your balance twice. 🕊️,,2026-10-03 19:00,pending,,
85,Layoffs don't send warnings. Build a second income now. 💰,,2026-10-03 21:00,pending,,
86,Can't start? Commit to two minutes. Open the doc. Write one line. Post one draft. You'll usually keep going. 🔥,,2026-10-04 11:00,pending,,
87,Build assets not just income. 💰,,2026-10-04 13:00,pending,,
88,What did you learn about money as a kid? 💰 Those scripts run your adult choices. Rewrite them. Money is a tool not a moral test. 💎,,2026-10-04 15:00,pending,,
89,Protect your peace like it's your best asset. 💖,,2026-10-04 17:00,pending,,
90,9-5 girlies: 16 free digital products so you can build after work without starting from zero. 💼 https://gauris.gumroad.com/l/digital-products-ideas,,2026-10-04 19:00,pending,,
91,Who's the woman you're becoming? Describe her in 3 words. 👇,,2026-10-04 21:00,pending,,
92,Batching = writing a week of posts in one sitting. Saves decisions. Saves energy. One Sunday session seven days sorted. ✅,,2026-10-05 11:00,pending,,
93,Discipline is self-love with a schedule. 💕,,2026-10-05 13:00,pending,,
94,10 plug-and-play spreadsheets. Idea scoring pricing calculators launch tracking. 💡 The boring math is already done. https://gauris.gumroad.com/l/idea-to-income,,2026-10-05 15:00,pending,,
95,Everyone has ideas. Few have evidence. Ask 5 people. Post a poll. Watch what they save. Data beats gut every time. 📱,,2026-10-05 17:00,pending,,
96,POV: it's 2029 and you can afford the therapy AND the trip. ✨,,2026-10-05 19:00,pending,,
97,Your commute is a classroom. 💼,,2026-10-05 21:00,pending,,
98,Say 'thank you' not 'it was nothing.' Accept praise like you earned it because you did. 💕,,2026-10-06 11:00,pending,,
99,Digital products let you sell while you sleep. 🛍️,,2026-10-06 13:00,pending,,
100,In 2030 you're living the life you designed in 2026. ✨ What are you building this week to get there? 🌱,,2026-10-06 15:00,pending,,
101,Choose the friends who ask 'how can I help?' not 'why bother?' 💕,,2026-10-06 17:00,pending,,
102,POV: 2029. You never went viral. You just never stopped. 300 followers. Real buyers. Real emails. Real freedom. Followers are vanity. Customers are sanity. Build a small audience that actually buys. 🌱 It beats a big one that just watches. 🌅,,2026-10-06 19:00,pending,,
103,Tell me your biggest win this month. 🎉 Big or small. 🙋‍♀️,,2026-10-06 21:00,pending,,
104,Small steps taken daily beat giant leaps taken never. 🔥,,2026-10-07 11:00,pending,,
105,Nobody feels ready. The ones winning just started anyway. 🎉 Ready is a feeling that shows up AFTER you begin. 🌱 Do it scared do it messy do it now. 😅,,2026-10-07 13:00,pending,,
106,POV: 2029. Your mom asks how you did it. You say 'I started ugly.' 🌱,,2026-10-07 15:00,pending,,
107,Stop paying for 'inspiration.' Get 16 done-for-you digital products free. 🎁 https://gauris.gumroad.com/l/digital-products-ideas,,2026-10-07 17:00,pending,,
108,9-5 pays for the launchpad. Evenings build the rocket. 🌱,,2026-10-07 19:00,pending,,
109,What do coworkers always ask you for help with? 💼 That's a product idea in disguise. 💡 Package your 'obvious' skill. It's not obvious to everyone else. ✨,,2026-10-07 21:00,pending,,
110,You can earn online without being famous. 🎯,,2026-10-08 11:00,pending,,
111,The thing that scares you often points toward growth. 🌱 Not danger. Growth. Follow the good kind of scared. 😅,,2026-10-08 13:00,pending,,
112,Talk to yourself like you'd talk to your bestie. 👯‍♀️,,2026-10-08 15:00,pending,,
113,One product idea → 10 posts 5 threads 3 reels 1 carousel 1 email 1 lead magnet. 💡 Always know what to post next. https://gauris.gumroad.com/l/idea-to-income,,2026-10-08 17:00,pending,,
114,Underpricing isn't humble. It's a hidden cost to you. Price on value delivered not hours spent. ⏰ Your work deserves a fair price. 📊,,2026-10-08 19:00,pending,,
115,What's one thing holding you back right now? Be honest. 💕,,2026-10-08 21:00,pending,,
116,Your energy is a currency. Spend it wisely. 💕,,2026-10-09 11:00,pending,,
117,30 minutes of no-scroll each morning. 📱 Your mind belongs to you before it belongs to the feed. ✅,,2026-10-09 13:00,pending,,
118,POV: it's 2029 and you're helping other women start. 🌱,,2026-10-09 15:00,pending,,
119,Too low = they assume low value. Too high with no proof = no buyers. 🛍️ Start in the middle and test. 🌱 Price to solve the pain not to match your fear. 😅,,2026-10-09 17:00,pending,,
120,If you can manage a project at work you can launch a product. 🌱,,2026-10-09 19:00,pending,,
121,One customer changes everything about your confidence. 🛍️,,2026-10-09 21:00,pending,,
122,Would you talk to your best friend like that? Talk to yourself like her. 💖,,2026-10-10 11:00,pending,,
123,You are the plot not the side character. 🌷,,2026-10-10 13:00,pending,,
124,I'm giving away 16 digital products because someone gave me a starting point once. 🌱 Grab yours: https://gauris.gumroad.com/l/digital-products-ideas,,2026-10-10 15:00,pending,,
125,Your first sale won't be big. 🛍️ It will feel enormous. Proof that someone believed in your idea. 💡 Chase that feeling. 💭,,2026-10-10 17:00,pending,,
126,Do you have a notes app full of ideas? 💡 Raise your hand 🙋‍♀️ 👇,,2026-10-10 19:00,pending,,
127,'I don't know what to sell' = you haven't seen 100+ ideas yet. 🛍️ They're in the kit: https://gauris.gumroad.com/l/idea-to-income,,2026-10-10 21:00,pending,,
128,Rest is part of the plan not a break from it. 😴,,2026-10-11 11:00,pending,,
129,POV: it's 2029 and you're writing your resignation email. ✨ Not out of rage. Out of readiness. You built the bridge while still standing on the old shore. Don't quit in anger. Quit with a plan and a paying customer or two. 🛍️ Save this for the day you need it. 🌅,,2026-10-11 13:00,pending,,
130,POV: 2029. You left the job. Not out of anger. Out of readiness. 🌸,,2026-10-11 15:00,pending,,
131,Real talk: you're not too much. You're just in rooms too small. Ambition isn't ugly on a woman. 👑 It's power. Find rooms that clap when you level up. 🎉,,2026-10-11 17:00,pending,,
132,Stop asking for a raise only. Build a second stream. 🌱,,2026-10-11 19:00,pending,,
133,Investing in skills is investing in freedom. 🌱,,2026-10-11 21:00,pending,,
134,Week 1: pick a problem. Week 2: validate it. Week 3: build it small. Week 4: launch. Keep it simple. Keep it scrappy. Finished beats perfect every time. ✨,,2026-10-12 11:00,pending,,
135,Women who build together rise together. 🌱,,2026-10-12 13:00,pending,,
136,Your first product may flop. So did everyone's. Flops teach faster than wins. 🎉 Fail small fail quickly fail on purpose. Then iterate. 🔥,,2026-10-12 15:00,pending,,
137,Which is harder: starting or staying consistent? 🌱,,2026-10-12 17:00,pending,,
138,The version of you that's rich in peace started with one boundary. 🌱,,2026-10-12 19:00,pending,,
139,Stream 1: salary. Stream 2: digital products. Stream 3: services or affiliate. You don't need all at once. Build one at a time. 🌱,,2026-10-12 21:00,pending,,
140,POV: it's 2029 and you finally believe you're that girl. ✨,,2026-10-13 11:00,pending,,
141,Real talk: the hardest part is starting. 🌱 This free bundle makes starting easier. 🎁 https://gauris.gumroad.com/l/digital-products-ideas,,2026-10-13 13:00,pending,,
142,Attach a new habit to an old one. 🔥 After I pour coffee I write one post. Easy triggers lasting habits. ✅,,2026-10-13 15:00,pending,,
143,Being an employee is a chapter not an identity. 💪,,2026-10-13 17:00,pending,,
144,Real talk: your idea isn't the problem. 💡 Skipping validation is. 60 minutes fixes that. https://gauris.gumroad.com/l/idea-to-income,,2026-10-13 19:00,pending,,
145,Every money habit starts as one small decision. 💰,,2026-10-13 21:00,pending,,
146,One product idea = 10 posts 5 threads 3 reels a carousel and an email. 💡 Stop starting from scratch every day. 🌱 A content engine makes posting easy: https://gauris.gumroad.com/l/idea-to-income,,2026-10-14 11:00,pending,,
147,Take the compliment. Skip the apology. 👯‍♀️,,2026-10-14 13:00,pending,,
148,You're valuable on days you do nothing. Rest doesn't reduce your worth. 👑,,2026-10-14 15:00,pending,,
149,What's the best advice you've ever received on money? 💰,,2026-10-14 17:00,pending,,
150,Keep every kind message DM and review. On slow weeks they remind you it's working. 💭,,2026-10-14 19:00,pending,,
151,Stop asking 'what if it fails?' Ask 'what if it works?' 💕,,2026-10-14 21:00,pending,,
152,POV: 2029. Your first product is still selling. 🛍️,,2026-10-15 11:00,pending,,
153,POV: it's 2029 and your weekends are yours. ✨ No 'quick catch-up call.' No laptop guilt. Because your weekdays finally pay for your weekends. Today's sacrifice is tomorrow's freedom. Choose one hour tonight. ⏰,,2026-10-15 13:00,pending,,
154,Your corporate skills sell. Package them. ✨,,2026-10-15 15:00,pending,,
155,Girl to girl: some friends love you at your lowest. 💕 Not all of them love you at your highest. That's okay. Love them from a distance. Make space for the women who cheer you on. 🎉,,2026-10-15 17:00,pending,,
156,Track your money like you love it. 💕,,2026-10-15 19:00,pending,,
157,Comment '16' and I'll send you the free digital product pack. 🎁,,2026-10-15 21:00,pending,,
158,Be so consistent that doubt gets bored. 🔥,,2026-10-16 11:00,pending,,
159,Stop quiet quitting. Start quiet building. Do your job well and use the leftover energy for your own future. 💼 No drama just progress. 🔥,,2026-10-16 13:00,pending,,
160,What would you build if you knew you couldn't fail? 🌱,,2026-10-16 15:00,pending,,
161,POV: you validate your idea in an hour launch with a plan and wake up to a notification. 💡 Start here: https://gauris.gumroad.com/l/idea-to-income,,2026-10-16 17:00,pending,,
162,Everyone wants overnight results. Few want 12 months of showing up. 🎉 Be patient be relentless. Slow is smooth smooth is fast. 🚀,,2026-10-16 19:00,pending,,
163,You don't need a new year. You need a new Tuesday. 👑,,2026-10-16 21:00,pending,,
164,POV: it's 2029. You look back at 2026 and laugh softly. 🕊️,,2026-10-17 11:00,pending,,
165,Build once sell many times. No inventory no shipping no gatekeepers. It's the friendliest way for a busy woman to start earning online. 🌱,,2026-10-17 13:00,pending,,
166,Spreadsheets at work dreams after work. 💭,,2026-10-17 15:00,pending,,
167,Walking fixes stuck brains. 20 minutes no phone ideas flow. 📱,,2026-10-17 17:00,pending,,
168,Don't wait for a bonus to start saving. 🌱,,2026-10-17 19:00,pending,,
169,Some days the win is just showing up. 🎉 Take it. 💖,,2026-10-17 21:00,pending,,
170,AI prompts for research validation pricing and marketing save hours. ⏰ Ask better get faster. Never stare at a blank page again. 📱,,2026-10-18 11:00,pending,,
171,Tag a girl who needs to read this today. 👇,,2026-10-18 13:00,pending,,
172,You can be soft and strong. Ambitious and kind. Driven and gentle. 💕,,2026-10-18 15:00,pending,,
173,Your dream doesn't care that you're tired. 😴 Rest then go again. 👑,,2026-10-18 17:00,pending,,
174,16 products. 0 dollars. 1 excuse fewer. 📥 https://gauris.gumroad.com/l/digital-products-ideas,,2026-10-18 19:00,pending,,
175,POV: 2029 and you have a freedom fund with a name. ✨,,2026-10-18 21:00,pending,,
176,To the girl at her desk at 4pm dreaming of more: I see you. 💭 Your desk is not your destiny. 💼 Build after work. Bloom every year. 🕰️,,2026-10-19 11:00,pending,,
177,Tired at 6pm? Build for 20 minutes anyway. 🌱,,2026-10-19 13:00,pending,,
178,Price it right on day one. The Pricing & Offer Framework shows you how to frame what buyers get. 🛍️ https://gauris.gumroad.com/l/idea-to-income,,2026-10-19 15:00,pending,,
179,Dear 2029 me: I hope you're proud of what I did in September 2026. 💕 I hope I stopped saying 'next month.' I hope I bet on myself before I had proof. Write your own letter. Then act like she's reading over your shoulder. 🕊️,,2026-10-19 17:00,pending,,
180,Emergency fund = peace of mind. 💵,,2026-10-19 19:00,pending,,
181,You're allowed to outgrow your old story. 🌱,,2026-10-19 21:00,pending,,
182,That voice saying 'who are you to do this?' Talk back. Who are you NOT to? Someone's waiting for your version. Doubt shows up right before growth. 😅 Say hi then keep walking. 🔥,,2026-10-20 11:00,pending,,
183,Rate your motivation today from 1-10. No judgment. 🙋‍♀️,,2026-10-20 13:00,pending,,
184,Your commute is free education. 🎁 Podcasts audiobooks voice notes for content ideas. 💡 45 minutes a day adds up to a degree of knowledge in a year. ⏰,,2026-10-20 15:00,pending,,
185,Post the thing. Future you will thank present you. 💕,,2026-10-20 17:00,pending,,
186,Stop saying 'I'm trying to be a creator.' Say 'I'm a creator who's building.' Identity first evidence follows. 🌱,,2026-10-20 19:00,pending,,
187,POV: it's 2029 and your calendar is full of things you chose. ✨,,2026-10-20 21:00,pending,,
188,Small hours add up to big freedom. ⏰,,2026-10-21 11:00,pending,,
189,A cheap real product beats a perfect idea sitting in your notes. 💡 Sell small. Learn fast. Raise later. 📊,,2026-10-21 13:00,pending,,
190,Wealth is quiet. 💰,,2026-10-21 15:00,pending,,
191,Save this if you want free digital products that give you real ideas. 💡 https://gauris.gumroad.com/l/digital-products-ideas,,2026-10-21 17:00,pending,,
192,Your intuition knows. Trust it. 👯‍♀️,,2026-10-21 19:00,pending,,
193,Friday 15 minutes: what worked what didn't what's next. ⏰ Learning loops beat guessing. 🌸,,2026-10-21 21:00,pending,,
194,What's one boundary you're setting this week? ✨,,2026-10-22 11:00,pending,,
195,Nobody buys a PDF. They buy a solved problem. 'Plan a week of content in 30 minutes' beats 'Content Planner.' ⏰,,2026-10-22 13:00,pending,,
196,Confidence is a stack of promises you kept to yourself. 👑,,2026-10-22 15:00,pending,,
197,Launching is scary without a sequence. 😅 The Launch Framework gives you hooks and CTAs built in. 🌱 https://gauris.gumroad.com/l/idea-to-income,,2026-10-22 17:00,pending,,
198,If you edit yourself to fit it's the wrong room. Walk out gracefully and find your table. ✨,,2026-10-22 19:00,pending,,
199,POV: 2029 and success feels like calm mornings. ✨,,2026-10-22 21:00,pending,,
200,Your side hustle doesn't have to be loud to be real. 🔥,,2026-10-23 11:00,pending,,
201,She wasn't the smartest. Or richest. Or the most connected. She was consistent. That's the entire plot. 📖,,2026-10-23 13:00,pending,,
202,Multiple income streams start with a single first one. 🌱,,2026-10-23 15:00,pending,,
203,POV: you look in the mirror in 2029 and you actually like her. ✨ Not because she's perfect. Because she keeps promises to herself. Confidence is just a stack of kept promises. 👑 Keep one small promise today. 🕊️,,2026-10-23 17:00,pending,,
204,Cry rest reset. Then rise. 💖,,2026-10-23 19:00,pending,,
205,What do you want your Sunday nights to feel like? 💕,,2026-10-23 21:00,pending,,
206,Real talk: 'no' is a full sentence and a love language to yourself. 💕 Every yes you give away is a no to your goals. Practice one polite no this week. 👑,,2026-10-24 11:00,pending,,
207,If they can't clap for you now they don't get front-row seats later. 🎉,,2026-10-24 13:00,pending,,
208,Tired of blank pages? Open 16 ready-made digital products and learn by doing. ✨ https://gauris.gumroad.com/l/digital-products-ideas,,2026-10-24 15:00,pending,,
209,If they won't promote you promote yourself. Build a skill. Build a product. Build an audience. Your ladder shouldn't depend on someone else's mood. 💼,,2026-10-24 17:00,pending,,
210,POV: it's 2029. You don't dread Mondays. You barely notice them. 🌸,,2026-10-24 19:00,pending,,
211,9-5 girlies: you don't need 3 free weekends. 💼 You need a system and 60 minutes. ⏰ https://gauris.gumroad.com/l/idea-to-income,,2026-10-24 21:00,pending,,
212,Get paid at work get owned by your dream at night. 💭,,2026-10-25 11:00,pending,,
213,Comfort has a cost: the life you didn't build. 🌱 Pay the discomfort tax now or the regret tax later. 🔥,,2026-10-25 13:00,pending,,
214,Your first sale is proof not luck. 🛍️,,2026-10-25 15:00,pending,,
215,The best investment is the one that pays you back forever. Skills can't be repossessed or laid off. Learn one monetizable skill per year. 💎,,2026-10-25 17:00,pending,,
216,Say it with me: I'm building something beautiful. 🌱,,2026-10-25 19:00,pending,,
217,Would you rather quit your job or love your job? 💕 Why? 👇,,2026-10-25 21:00,pending,,
218,Not everything needs doing. Delete delegate or defer. Focus is a superpower. 👑,,2026-10-26 11:00,pending,,
219,Choose progress over perfection every single time. 💯,,2026-10-26 13:00,pending,,
220,100 engaged followers can outsell 10000 silent ones. 🛍️ Talk to your people. Reply to every comment. 📱,,2026-10-26 15:00,pending,,
221,POV: 2029 and your bank account matches your ambition. 👑,,2026-10-26 17:00,pending,,
222,Not for others. For your mindset. When you feel put together you show up bigger. 💖,,2026-10-26 19:00,pending,,
223,Not every job is meant to be forever. 💼,,2026-10-26 21:00,pending,,
224,The market pays for solved problems. 💪,,2026-10-27 11:00,pending,,
225,This is your sign to finally download the free pack you saved for later. 🎁 https://gauris.gumroad.com/l/digital-products-ideas,,2026-10-27 13:00,pending,,
226,Where will you be in 12 months if nothing changes? If that answer scares you change one thing today. 📖,,2026-10-27 15:00,pending,,
227,Your glow-up is internal first. 👯‍♀️,,2026-10-27 17:00,pending,,
228,Proof of demand before Canva. Write that on your mirror. Kit: 🚀 https://gauris.gumroad.com/l/idea-to-income,,2026-10-27 19:00,pending,,
229,What's one thing you'd tell your 2020 self? ✨,,2026-10-27 21:00,pending,,
230,POV: it's 2029 and your friends ask 'How are you doing this?' You tell them the boring truth: one hour a day every day. ✨ No hack. No secret. No lucky break. Consistency is unsexy and undefeated. 🔥,,2026-10-28 11:00,pending,,
231,One hour a day is enough to change your life in a year. ⏰,,2026-10-28 13:00,pending,,
232,You're not late. You're starting with more self-awareness than you had at 20. 🌱 Age isn't a deadline. Fear is. The best time was years ago. The second best is your lunch break today. 🔥,,2026-10-28 15:00,pending,,
233,POV: it's 2029 and you're proud of what you did in a 'boring' year. 💕,,2026-10-28 17:00,pending,,
234,Don't quit yet. Build first. 🌱,,2026-10-28 19:00,pending,,
235,One paycheck is one point of failure. 💰 Layoffs don't send warnings. Start a second stream now while you're safe. 🌱,,2026-10-28 21:00,pending,,
236,Learn to sell without feeling icky. 🛍️ You're helping. 🔥,,2026-10-29 11:00,pending,,
237,Time management is overrated. Energy management wins. Do hard tasks when you're sharpest. Protect your peak hours. ⏰,,2026-10-29 13:00,pending,,
238,Self-respect looks good on you. 🌷,,2026-10-29 15:00,pending,,
239,Debt is a chapter not the whole book. Make a plan automate payments celebrate progress. 🎉 You can be in debt and building. 🌱 Both are true. 📊,,2026-10-29 17:00,pending,,
240,Drop a 🔥 if you're working on your dream after work today. 💭,,2026-10-29 19:00,pending,,
241,Free tools for your side hustle. 🎁 16 digital products instantly yours. https://gauris.gumroad.com/l/digital-products-ideas,,2026-10-29 21:00,pending,,
242,Do it scared. Do it messy. Just do it. 🔥,,2026-10-30 11:00,pending,,
243,Keep a 'brag doc.' Screenshots feedback milestones. 📱 Read it on doubt days. 😅,,2026-10-30 13:00,pending,,
244,POV: 2029. You said no to comfort and yes to becoming. 🕊️,,2026-10-30 15:00,pending,,
245,Your Google Doc called 'business ideas???' deserves a scorecard. 💡 https://gauris.gumroad.com/l/idea-to-income,,2026-10-30 17:00,pending,,
246,Not everyone launches with fireworks. 🌱 Post 5 days of value. Share the story. Drop the link. Quiet launches still convert. 💡,,2026-10-30 19:00,pending,,
247,Save 3 months build 1 product then decide. 🌱,,2026-10-30 21:00,pending,,
248,Charge more. Deliver more. Repeat. 🌱,,2026-10-31 11:00,pending,,
249,Imposter feelings mean you're stretching. Every expert once felt like a fraud. Keep going anyway. 🦋,,2026-10-31 13:00,pending,,
250,No is a complete sentence love. 💕,,2026-10-31 15:00,pending,,
251,I'm grateful for the 'no' that pushed me. 💕 The job that funded me. The girls who cheered me. Gratitude keeps success soft. 📖,,2026-10-31 17:00,pending,,
252,What digital product would you buy tomorrow? ✨,,2026-10-31 19:00,pending,,
253,You are not 'too old.' You're on time. 👑,,2026-10-31 21:00,pending,,
254,It's 2029. You realize the 'right time' never came. You just made a time. Tuesday 7pm laptop open one hour. ⏰ That was the whole magic. Stop waiting for a sign. This is the sign. 🕊️,,2026-11-01 11:00,pending,,
255,POV: it's 2029 and one small offer grew into a real business. ✨,,2026-11-01 13:00,pending,,
256,Feeling behind? Read this. Behind who? Someone else's made-up schedule? You're exactly on time for the life you're about to build. 🌱,,2026-11-01 15:00,pending,,
257,The plan is the parachute. 💼,,2026-11-01 17:00,pending,,
258,Want to know what a sellable digital product looks like? 🛍️ Study these 16 free ones. https://gauris.gumroad.com/l/digital-products-ideas,,2026-11-01 19:00,pending,,
259,If your product solves a real pain price isn't the barrier. 💪,,2026-11-01 21:00,pending,,
260,30 minutes at lunch: outline the product. ⏰ Next day: draft. Next day: design. Next day: list. In a week your lunch breaks made a product. 🔥,,2026-11-02 11:00,pending,,
261,Don't shrink to fit small minds. 💕,,2026-11-02 13:00,pending,,
262,If you've ever unpublished a product on day 5 this is for you. 💰 https://gauris.gumroad.com/l/idea-to-income,,2026-11-02 15:00,pending,,
263,Goals tell you where. Habits get you there. Post daily. Write daily. Save daily. Systems beat resolutions. 🌱,,2026-11-02 17:00,pending,,
264,Share one thing you're proud of right now. 💕,,2026-11-02 19:00,pending,,
265,Stop scrolling other people's wins and start writing yours. 🎉,,2026-11-02 21:00,pending,,
266,Awareness is the first step to control. Track spending for 30 days without judgment. You'll find money you didn't know you had. 💰,,2026-11-03 11:00,pending,,
267,POV: 2029. Your comment section is full of girls saying 'you inspired me.' 🌅,,2026-11-03 13:00,pending,,
268,25 minutes on 5 off. Phone in another room. Four sprints = one big deliverable. ⏰,,2026-11-03 15:00,pending,,
269,Job security is an illusion. Skill security is real. 💼,,2026-11-03 17:00,pending,,
270,Stop giving away your best ideas for free forever. 💡 Package them. 🎯,,2026-11-03 19:00,pending,,
271,Before you build score your idea: demand pain competition price ease and your interest. 😴 Anything under a set score? Skip it. Save your time for winners. Full scorecard inside: https://gauris.gumroad.com/l/idea-to-income,,2026-11-03 21:00,pending,,
272,The best flex is peace. 👯‍♀️,,2026-11-04 11:00,pending,,
273,Raise. Feedback. Help. Time off. The worst they say is no. Ask clearly and kindly. ✨,,2026-11-04 13:00,pending,,
274,What's your side hustle or what do you want it to be? ✨,,2026-11-04 15:00,pending,,
275,If you only download one free thing this week make it this. 🎁 https://gauris.gumroad.com/l/digital-products-ideas,,2026-11-04 17:00,pending,,
276,Being consistent when nobody's watching is the whole game. 🔥,,2026-11-04 19:00,pending,,
277,Bet on yourself like you'd bet on your best friend. Would you tell her to wait? No. So don't tell yourself. 💌,,2026-11-04 21:00,pending,,
278,POV: it's 2029. You're writing a book about what you learned. 💫,,2026-11-05 11:00,pending,,
279,POV: it's 2029 and you finally understand something. ✨ A salary pays you for your time. 💰 A product pays you for your thinking. You can't scale hours. You can scale ideas. Build one thing that can sell while you sleep. 🌱,,2026-11-05 13:00,pending,,
280,Work stress can fuel your side hustle if you channel it. 🔥,,2026-11-05 15:00,pending,,
281,From 'I have an idea' to 'I have a product I can sell.' That's the whole promise: 💡 https://gauris.gumroad.com/l/idea-to-income,,2026-11-05 17:00,pending,,
282,Girl to girl: invest in yourself like you'd invest in a company you believe in. Time. Money. Attention. Skills. You're the highest-ROI asset you own. 🔥,,2026-11-05 19:00,pending,,
283,Your audience is watching for proof. Show it. 🌱,,2026-11-05 21:00,pending,,
284,You can be both soft and unstoppable. 💕,,2026-11-06 11:00,pending,,
285,You can be tired of your job and still be hungry for more. 😴 Channel the frustration into a project that's yours. Anger fuels the first month. Systems fuel the rest. 💼,,2026-11-06 13:00,pending,,
286,Poll: Reels threads or carousels? What are you creating this week? 👇,,2026-11-06 15:00,pending,,
287,Say your goal out loud to someone this week. Accountability turns wishes into deadlines. Bonus: find one accountability buddy. 🚀,,2026-11-06 17:00,pending,,
288,Not every idea needs a big launch. 💡 It needs a first customer. 🛍️,,2026-11-06 19:00,pending,,
289,POV: 2029 and your parents finally understand 'what you do online.' ✨,,2026-11-06 21:00,pending,,
290,Real wealth is automated transfers and slow compounding. 💰 Not flashy. Just consistent. Boring today rich tomorrow. ✨,,2026-11-07 11:00,pending,,
291,Your Monday blues are a message. Listen. 💪,,2026-11-07 13:00,pending,,
292,A free starter pack for girls building their first digital income stream. 💰 https://gauris.gumroad.com/l/digital-products-ideas,,2026-11-07 15:00,pending,,
293,Reset your space before you start. 🌱 Small environment cues create big momentum. ⏰,,2026-11-07 17:00,pending,,
294,Content builds trust. Trust builds sales. 🌱,,2026-11-07 19:00,pending,,
295,Stop scrolling other people's launch screenshots. 📱 Build your own with proof first. 🌱 https://gauris.gumroad.com/l/idea-to-income,,2026-11-07 21:00,pending,,
296,Talk about money with your girls. 💰 It's not rude it's smart. 💕,,2026-11-08 11:00,pending,,
297,A great free product = warm buyers. 🛍️ Give real value first. Then invite them to the next step. 💡,,2026-11-08 13:00,pending,,
298,Which thread hit hardest today? Tell me why. 🙋‍♀️,,2026-11-08 15:00,pending,,
299,A partner who supports your dream isn't a bonus. 💭 It's a baseline. Build with people who build you. 🌱,,2026-11-08 17:00,pending,,
300,The comfort zone is cozy and expensive. 🫶,,2026-11-08 19:00,pending,,
301,POV: it's 2029 and you bought the house the plane ticket or the time. ✨,,2026-11-08 21:00,pending,,
302,90 days ago you could have started. 🌱 90 days from now you'll wish you had. Start today and it's a good story. 💌,,2026-11-09 11:00,pending,,
303,Employees trade time. Owners build assets. 🌱,,2026-11-09 13:00,pending,,
304,POV: 2029. That cringey vision board? Half of it came true. Not because of manifesting alone. Because you attached actions to it. Vision + Tuesday nights = results. 💭 Update your vision then schedule your Tuesday. 🕊️,,2026-11-09 15:00,pending,,
305,Consistency beats virality. 🔥,,2026-11-09 17:00,pending,,
306,Treat your goals like a relationship: show up daily. 🔥,,2026-11-09 19:00,pending,,
307,Overthinking is fear wearing a smart outfit. 😅 Cure: set a 10-minute timer and do the first ugly step. ⏰ Action shrinks anxiety. Every time. 🔥,,2026-11-09 21:00,pending,,
308,What does 'successful' look like to you in 2029? ✨,,2026-11-10 11:00,pending,,
309,Tag a friend who's 'thinking about starting something.' Send her this. 🌱 https://gauris.gumroad.com/l/digital-products-ideas,,2026-11-10 13:00,pending,,
310,Before you rage-quit ask: what's my runway? 3 months savings + a side income = leverage. 💰 Quit with numbers not feelings. ✨,,2026-11-10 15:00,pending,,
311,Wanting more doesn't make you ungrateful. 💕,,2026-11-10 17:00,pending,,
312,Instant download. Lifetime access. Everything to go from idea to income. 💰 https://gauris.gumroad.com/l/idea-to-income,,2026-11-10 19:00,pending,,
313,POV: 2029. You made your own rules. 💫,,2026-11-10 21:00,pending,,
314,'I don't have an audience yet.' 'I haven't sold yet.' One little word changes the story. Yet is hope in three letters. 💪,,2026-11-11 11:00,pending,,
315,One weekend of focus can outdo six months of overthinking. 💪,,2026-11-11 13:00,pending,,
316,Every woman deserves her own money and her own options. 💰 Not for revenge. For choice. Build your own safety net early. 🌱,,2026-11-11 15:00,pending,,
317,The algorithm rewards showing up. 🎉,,2026-11-11 17:00,pending,,
318,A woman who knows her worth doesn't negotiate it. 👑,,2026-11-11 19:00,pending,,
319,Three prompts: What matters? What's blocking me? What's my next move? Five minutes of clarity daily. ⏰,,2026-11-11 21:00,pending,,
320,Tell me one small habit that changed your life. 🔥,,2026-11-12 11:00,pending,,
321,Competition means demand exists. Find gaps in what others sell and fill them. 🛍️,,2026-11-12 13:00,pending,,
322,Your future self is watching what you do tonight. ✨,,2026-11-12 15:00,pending,,
323,You can heal and build at the same time. 🌱 Therapy and to-do lists can coexist. ✨,,2026-11-12 17:00,pending,,
324,POV: it's 2029 and you're the example you needed. ✨,,2026-11-12 19:00,pending,,
325,Free doesn't mean low value. 16 products zero fluff. 💕 https://gauris.gumroad.com/l/digital-products-ideas,,2026-11-12 21:00,pending,,
326,Use your PTO for progress not just Netflix. ✨,,2026-11-13 11:00,pending,,
327,Whatever year you succeed it starts with a Tuesday you chose yourself. 🌱 Choose it. 💌,,2026-11-13 13:00,pending,,
328,An email list is a rented-nothing asset. Build it. 🌱,,2026-11-13 15:00,pending,,
329,Bookmark this for the next time you say 'I'll start soon.' Start here: 📈 https://gauris.gumroad.com/l/idea-to-income,,2026-11-13 17:00,pending,,
330,It's 2029. The glow-up wasn't the outfit. It was the boundaries. The savings. The 'no.' The early bedtime. Nobody filmed it because it was quiet. Quiet glow-ups last longer. Keep going. 🌸,,2026-11-13 19:00,pending,,
331,Trust yourself girl. You've survived 100% of your bad days. 💕,,2026-11-13 21:00,pending,,
332,If you could ask me anything about building online what would it be? 🌱,,2026-11-14 11:00,pending,,
333,Real talk: rejection stings but it's also information. No sale? Learn why. No reply? Tweak the message. Every 'no' is a free lesson if you stay curious. 🎁,,2026-11-14 13:00,pending,,
334,Doubt shows up before every breakthrough. 😅 Keep walking. 💯,,2026-11-14 15:00,pending,,
335,Guilty about working on your dream while employed? 💭 You're allowed to want more than one source of security. Your ambition isn't disloyal. 👑,,2026-11-14 17:00,pending,,
336,POV: 2029. You didn't quit at month 3. You're glad. ✨,,2026-11-14 19:00,pending,,
337,Your ideal life won't schedule itself around your calendar. 💡,,2026-11-14 21:00,pending,,
338,Celebrate the tiny stuff. First like. First subscriber. First sale. Small wins train your brain to expect big ones. 🎉,,2026-11-15 11:00,pending,,
339,Your first 100 followers are your foundation. 💪,,2026-11-15 13:00,pending,,
340,Waiting on a 5% raise? Build a second income for a 50% boost. 💰 Your growth shouldn't be capped by HR budgets. 🌱,,2026-11-15 15:00,pending,,
341,Send this to a friend who needs to start. 🌱,,2026-11-15 17:00,pending,,
342,Girl to girl: I put this together so you don't have to start from scratch. 🌱 https://gauris.gumroad.com/l/digital-products-ideas,,2026-11-15 19:00,pending,,
343,Reply 'READY' if you're done waiting. I'll send you your next step. 🙋‍♀️,,2026-11-15 21:00,pending,,
344,You can't build from an empty cup. 🌱 Water movement real food sleep. 😴 Body first business second. 🌿,,2026-11-16 11:00,pending,,
345,Some seasons are for planting. Don't dig up the seeds to check. 🫶,,2026-11-16 13:00,pending,,
346,One of the smartest things you can do with under $15 this week: validate before you build. 🌱 https://gauris.gumroad.com/l/idea-to-income,,2026-11-16 15:00,pending,,
347,Turn your best answer into a product. Turn your product into posts. Turn your posts into buyers. 🛍️,,2026-11-16 17:00,pending,,
348,POV: it's 2029 and your worth no longer depends on a performance review. ✨,,2026-11-16 19:00,pending,,
349,Stop hoping for a better job. 💼 Build a better option. 🌱,,2026-11-16 21:00,pending,,
350,Share your wins. It gives other women permission to share theirs. Pride is contagious. 💅,,2026-11-17 11:00,pending,,
351,Turn one idea into ten posts and never run out of content. 💡,,2026-11-17 13:00,pending,,
352,She's calm focused financially aware and kind to herself. Every small choice builds her. 🌱 Who are you becoming this week? 💌,,2026-11-17 15:00,pending,,
353,You can start today with what you have. 🌱,,2026-11-17 17:00,pending,,
354,POV: 2029. The dream you were embarrassed to say out loud is your life. 💭,,2026-11-17 19:00,pending,,
355,POV: it's 2029 and your 9-5 became the plot twist not the plot. 💼 It funded your dream. It taught you skills. It became your launchpad. Don't hate your job. Use it. Every skill you learn at work is a future product. ✨,,2026-11-17 21:00,pending,,
356,Coworkers see you as one thing. 💼 The internet can see you as many. 💪,,2026-11-18 11:00,pending,,
357,Girl stop shrinking to keep others comfortable. The right people don't need you smaller. Take up your full space. Post the thing. Own the win. 🎉,,2026-11-18 13:00,pending,,
358,Batch your week in one afternoon. 🌱,,2026-11-18 15:00,pending,,
359,Download. Explore. Pick one to build on. That's your first week sorted. 📥 https://gauris.gumroad.com/l/digital-products-ideas,,2026-11-18 17:00,pending,,
360,Saturday 9-11am. Coffee laptop no phone. Two hours a week beats 'someday' every time. ⏰ Guard that block like a meeting with your future. ✨,,2026-11-18 19:00,pending,,
361,Quiet progress is still progress. 💕,,2026-11-18 21:00,pending,,
362,POV: it's 2029. Your friends ask you for advice not favors. 🌅,,2026-11-19 11:00,pending,,
363,Missed a week? Don't restart. Just reset. Perfection isn't the plan. Return is. Come back gently and keep moving. 🌱,,2026-11-19 13:00,pending,,
364,Turn 'I can't quit' into 'I don't have to yet.' 🔥,,2026-11-19 15:00,pending,,
365,Build a product people already want. 🌱 The 6-filter system shows you if they do. https://gauris.gumroad.com/l/idea-to-income,,2026-11-19 17:00,pending,,
366,Want more money? Solve bigger problems for more people. Ask: who's struggling and how can I help? Then package the answer. 💰,,2026-11-19 19:00,pending,,
367,Repurpose everything. Threads to reels to emails. 🚀,,2026-11-19 21:00,pending,,
368,Your story is your strategy. Share it. 👑,,2026-11-20 11:00,pending,,
369,Doing 20 minutes every day beats 5 hours once a month. ⏰ Be the tortoise with a laptop. 🌸,,2026-11-20 13:00,pending,,
370,POV: 2029 and your mornings smell like coffee and choice. ⏰,,2026-11-20 15:00,pending,,
371,'I don't know what to sell' is usually a list problem. 🛍️ Start with a bank of 100+ ideas then filter down. 💡 Grab yours here: https://gauris.gumroad.com/l/idea-to-income,,2026-11-20 17:00,pending,,
372,Corporate burnout is a sign to build differently. 🌱,,2026-11-20 19:00,pending,,
373,You don't need a huge audience to make a real income. 💰,,2026-11-20 21:00,pending,,
374,Allowed to change your mind. Allowed to pivot. Allowed to want more. Allowed to rest. Save this for a doubt day. 😅,,2026-11-21 11:00,pending,,
375,If you're going to be tired anyway be tired building something yours. 😴,,2026-11-21 13:00,pending,,
376,Before you spend money on courses try these 16 free digital products. 💰 https://gauris.gumroad.com/l/digital-products-ideas,,2026-11-21 15:00,pending,,
377,If you read this far you're already ahead of everyone who scrolled past. 📱 Pick one thread one action one hour. ⏰ Then come back and tell me how it went. Reply 'READY' and I'll cheer you on. 🎉,,2026-11-21 17:00,pending,,
378,POV: it's 2029 and your worst year became your origin story. ✨,,2026-11-21 19:00,pending,,
379,Turn your best idea into a product a price and a posting plan in one kit. 💡 https://gauris.gumroad.com/l/idea-to-income,,2026-11-21 21:00,pending,,
380,You're not stuck. You're funded. 🔥,,2026-11-22 11:00,pending,,
381,POV: it's launch day 2029. Your hands are shaking. Same shake as 2026. You just know it now: it means you care. Nervous is not a stop sign. It's a green light in disguise. Launch scared. 😅,,2026-11-22 13:00,pending,,
382,Help one person well. Then help a hundred. 🚀,,2026-11-22 15:00,pending,,
383,'I'm not good enough' is a feeling not a fact. Facts: you've survived every bad day so far. Build on facts not fear. 😅,,2026-11-22 17:00,pending,,
384,Say no more so your yes has power. 👑,,2026-11-22 19:00,pending,,
385,POV: 2029. You earned it slowly and it's staying. 🌸,,2026-11-22 21:00,pending,,
386,Your best ideas won't come in meetings. 💡 Take a walk. Write. Doodle. Let ideas breathe. Schedule thinking time like an appointment. ✨,,2026-11-23 11:00,pending,,
387,Your salary is seed money. Plant it. 💪,,2026-11-23 13:00,pending,,
388,POV: 2029. You talk about money openly with your girls. 💰 Who's saving. Who's investing. Who's building. Money talk used to feel rude. Now it feels like protection. Start the money conversation in your friend group this week. 🌱,,2026-11-23 15:00,pending,,
389,Sell the transformation not the template. 🛍️,,2026-11-23 17:00,pending,,
390,Ambition is not a dirty word. 👑,,2026-11-23 19:00,pending,,
391,Real talk: your circle sets your ceiling. Audit it kindly. Who pushes you up? Who keeps you stuck? Add one ambitious woman to your life this month. 💕,,2026-11-23 21:00,pending,,
392,POV: it's 2029 and you're proud you stayed consistent through the boring parts. ✨,,2026-11-24 11:00,pending,,
393,The free pack that turns 'I have no idea' into 'I have 16.' ✨ https://gauris.gumroad.com/l/digital-products-ideas,,2026-11-24 13:00,pending,,
394,Negotiate your salary AND build your side income. 💰 One lifts your floor. The other lifts your ceiling. Don't pick. Do both. ✨,,2026-11-24 15:00,pending,,
395,Every promotion is nice. Every product is yours. 💪,,2026-11-24 17:00,pending,,
396,Comment 'KIT' and I'll send you the link to the Idea to Income Kit. 💡,,2026-11-24 19:00,pending,,
397,Confidence sells more than perfection. 🛍️,,2026-11-24 21:00,pending,,
398,It's 2029 and people call you 'so lucky.' They didn't see the 5am starts in 2026. ✨ Luck is what people call your work when they can't see it. Keep working where nobody's watching. 💫,,2026-11-25 11:00,pending,,
399,Trust the process but also do the work. 💯,,2026-11-25 13:00,pending,,
400,Everyone wants the soft life. 💕 Nobody talks about the hard work that funds it. Soft life is built by disciplined seasons. 🔥 Work hard now so soft is a choice later. 👑,,2026-11-25 15:00,pending,,
401,POV: 2029 and your business runs on systems not stress. ✨,,2026-11-25 17:00,pending,,
402,Dream jobs are often just better-paid stress. 💭 A dream LIFE is the goal. Jobs are one tool. Design the life first then choose the tools. ✨,,2026-11-25 19:00,pending,,
403,Cubicle by day creator by night. 💪,,2026-11-25 21:00,pending,,
404,Your niche is where your story meets their problem. 💪,,2026-11-26 11:00,pending,,
405,POV: 2029. You realize success feels less like confetti and more like calm. Calm inbox. Calm mind. Calm money. Build for peace not just profit. 🌱 What would your calm life need? Start there. 🌸,,2026-11-26 13:00,pending,,
406,Bad days are part of a good story. 💕,,2026-11-26 15:00,pending,,
407,If nobody's clapping for you yet clap for yourself. 🎉 Log your small wins daily. They add up to big belief. You're allowed to be proud in real time. 💕,,2026-11-26 17:00,pending,,
408,POV: it's the year you're successful and you can't believe how normal it feels. 💫,,2026-11-26 19:00,pending,,
409,Last call for today: grab the free 16-product pack and start tonight. 🌱 https://gauris.gumroad.com/l/digital-products-ideas,,2026-11-26 21:00,pending,,
410,Ask yourself: what would I build if I had 1 hour a day? ⏰,,2026-11-27 11:00,pending,,
411,Employee brain: 'What do they want from me?' Creator brain: 'What does my audience need?' Switch the question switch the trajectory. 💪,,2026-11-27 13:00,pending,,
412,Test small learn fast scale what works. 🚀,,2026-11-27 15:00,pending,,
413,Your future 2029 self is glad you started with a system not a guess: 🚀 https://gauris.gumroad.com/l/idea-to-income,,2026-11-27 17:00,pending,,
414,POV: it's 2029 and you whisper 'thank you' to 2026 you. 💕 For the courage. For the ugly first post. For not deleting the account. Send future you a gift today. ✨ Do the scary thing. Repost if you needed this. 💫,,2026-11-27 19:00,pending,,
415,Be the woman your younger self prayed for. 🫶,,2026-11-27 21:00,pending,,
416,POV: 2029. Somewhere a girl is reading your story and starting hers. 🌱,,2026-11-28 11:00,pending,,
417,Girl if you're tired I see you. 😴 You're allowed to rest. Quitting and resting are different. Rest then return. Your dream isn't going anywhere. 💭 Take a breath and continue. 🔥,,2026-11-28 13:00,pending,,
418,Then go build it. One hour. Starting tonight. 🌱,,2026-11-28 15:00,pending,,
419,Practice being your own boss now. 💼 Set deadlines. Track results. Review weekly. Self-management is the skill that scales everything. 💪,,2026-11-28 17:00,pending,,
420,Done and live beats perfect and hidden. 🎯,,2026-11-28 19:00,pending,,
